{"cameraMode":{"drawMode":0,"name":"Shaded","section":"Shading Mode"},"sceneLighting":false,"audioPlay":false,"sceneViewState":{"m_AlwaysRefresh":false,"showFog":true,"showSkybox":false,"showFlares":true,"showImageEffects":true,"showParticleSystems":true,"showVisualEffectGraphs":true,"m_FxEnabled":true},"in2DMode":false,"pivot":{"x":31.938879013061525,"y":-2.4412481784820558,"z":25.28985595703125},"rotation":{"x":-0.04147610813379288,"y":-0.29667744040489199,"z":0.014152375049889088,"w":-0.9542377591133118},"size":23.000259399414064,"orthographic":false}